id,course_stage,type,start_date,finished,score
3224,seamanship_command_substage,Seamanship,5/7/2020,1.00,82
3249,seamanship_command_substage,Machinery,5/7/2020,1.00,90
3395,seamanship_command_substage,Seamanship,5/7/2020,1.00,89
3224,fundamental_stage,Seamanship,11/8/2020,1.00,85
3249,fundamental_stage,Machinery,11/8/2020,1.00,80
3395,fundamental_stage,Seamanship,11/8/2020,1.00,78
288,seamanship_command_substage,Seamanship,11/12/2020,1.00,87
300,seamanship_command_substage,Seamanship,11/12/2020,1.00,86
310,seamanship_command_substage,Machinery,11/12/2020,1.00,88
369,seamanship_command_substage,Seamanship,11/12/2020,1.00,86
415,seamanship_command_substage,Seamanship,11/12/2020,1.00,85
484,seamanship_command_substage,Seamanship,11/12/2020,1.00,85
499,seamanship_command_substage,Seamanship,11/12/2020,1.00,82
513,seamanship_command_substage,Machinery,11/12/2020,1.00,92
532,seamanship_command_substage,Seamanship,11/12/2020,1.00,88
744,seamanship_command_substage,Seamanship,11/12/2020,1.00,81
756,seamanship_command_substage,Seamanship,11/12/2020,1.00,87
3221,seamanship_command_substage,Seamanship,11/12/2020,1.00,79
3264,seamanship_command_substage,Electronics,11/12/2020,1.00,89
3319,seamanship_command_substage,Seamanship,11/12/2020,1.00,84
3338,seamanship_command_substage,Seamanship,11/12/2020,1.00,80
3346,seamanship_command_substage,Seamanship,11/12/2020,1.00,84
3372,seamanship_command_substage,Seamanship,11/12/2020,1.00,88
3495,seamanship_command_substage,Seamanship,11/12/2020,1.00,92
3578,seamanship_command_substage,Machinery,11/12/2020,1.00,91
288,fundamental_stage,Seamanship,5/2/2021,1.00,85
300,fundamental_stage,Seamanship,5/2/2021,1.00,85
310,fundamental_stage,Machinery,5/2/2021,1.00,95
369,fundamental_stage,Seamanship,5/2/2021,1.00,82
415,fundamental_stage,Seamanship,5/2/2021,1.00,80
484,fundamental_stage,Seamanship,5/2/2021,1.00,85
499,fundamental_stage,Seamanship,5/2/2021,1.00,71
513,fundamental_stage,Machinery,5/2/2021,1.00,87
532,fundamental_stage,Seamanship,5/2/2021,1.00,83
744,fundamental_stage,Seamanship,5/2/2021,1.00,79
756,fundamental_stage,Seamanship,5/2/2021,1.00,82
3221,fundamental_stage,Seamanship,5/2/2021,1.00,85
3264,fundamental_stage,Electronics,5/2/2021,1.00,85
3319,fundamental_stage,Seamanship,5/2/2021,1.00,84
3338,fundamental_stage,Seamanship,5/2/2021,1.00,76
3346,fundamental_stage,Seamanship,5/2/2021,1.00,78
3372,fundamental_stage,Seamanship,5/2/2021,1.00,85
3495,fundamental_stage,Seamanship,5/2/2021,1.00,87
3578,fundamental_stage,Machinery,5/2/2021,1.00,79
172,seamanship_command_substage,Seamanship,5/6/2021,1.00,70
218,seamanship_command_substage,Machinery,5/6/2021,1.00,70
289,seamanship_command_substage,Electronics,5/6/2021,0.00,0
299,seamanship_command_substage,Seamanship,5/6/2021,1.00,70
323,seamanship_command_substage,Seamanship,5/6/2021,1.00,70
340,seamanship_command_substage,Seamanship,5/6/2021,1.00,70
394,seamanship_command_substage,Seamanship,5/6/2021,0.00,0
500,seamanship_command_substage,Seamanship,5/6/2021,0.00,0
529,seamanship_command_substage,Electronics,5/6/2021,1.00,70
555,seamanship_command_substage,Seamanship,5/6/2021,1.00,70
668,seamanship_command_substage,Seamanship,5/6/2021,1.00,70
701,seamanship_command_substage,Seamanship,5/6/2021,1.00,70
730,seamanship_command_substage,Machinery,5/6/2021,1.00,70
782,seamanship_command_substage,Seamanship,5/6/2021,1.00,70
876,seamanship_command_substage,Seamanship,5/6/2021,1.00,70
1283,seamanship_command_substage,Seamanship,5/6/2021,1.00,70
3222,seamanship_command_substage,Seamanship,5/6/2021,1.00,70
3247,seamanship_command_substage,Seamanship,5/6/2021,0.00,0
3269,seamanship_command_substage,Seamanship,5/6/2021,1.00,70
3287,seamanship_command_substage,Seamanship,5/6/2021,1.00,70
3382,seamanship_command_substage,Seamanship,5/6/2021,1.00,70
3466,seamanship_command_substage,Seamanship,5/6/2021,1.00,70
3518,seamanship_command_substage,Machinery,5/6/2021,1.00,70
3521,seamanship_command_substage,Seamanship,5/6/2021,0.00,0
3546,seamanship_command_substage,Seamanship,5/6/2021,1.00,70
3610,seamanship_command_substage,Seamanship,5/6/2021,1.00,70
3685,seamanship_command_substage,Electronics,5/6/2021,1.00,70
3695,seamanship_command_substage,Seamanship,5/6/2021,1.00,70
3730,seamanship_command_substage,Seamanship,5/6/2021,0.00,0
3778,seamanship_command_substage,Seamanship,5/6/2021,1.00,70
3788,seamanship_command_substage,Seamanship,5/6/2021,1.00,70
3801,seamanship_command_substage,Electronics,5/6/2021,1.00,70
3819,seamanship_command_substage,Seamanship,5/6/2021,1.00,70
3835,seamanship_command_substage,Machinery,5/6/2021,1.00,70
3898,seamanship_command_substage,Electronics,5/6/2021,1.00,70
140,seamanship_command_substage,Seamanship,5/6/2021,0.00,0
175,seamanship_command_substage,Seamanship,5/6/2021,0.00,0
285,seamanship_command_substage,Machinery,5/6/2021,0.00,0
313,seamanship_command_substage,Seamanship,5/6/2021,0.00,0
330,seamanship_command_substage,Seamanship,5/6/2021,0.00,0
403,seamanship_command_substage,Seamanship,5/6/2021,0.00,0
476,seamanship_command_substage,Seamanship,5/6/2021,0.00,0
497,seamanship_command_substage,Seamanship,5/6/2021,0.00,0
528,seamanship_command_substage,Seamanship,5/6/2021,0.00,0
550,seamanship_command_substage,Machinery,5/6/2021,0.00,0
623,seamanship_command_substage,Electronics,5/6/2021,1.00,70
649,seamanship_command_substage,Electronics,5/6/2021,1.00,70
657,seamanship_command_substage,Seamanship,5/6/2021,1.00,70
660,seamanship_command_substage,Seamanship,5/6/2021,0.00,0
696,seamanship_command_substage,Seamanship,5/6/2021,0.00,0
813,seamanship_command_substage,Machinery,5/6/2021,1.00,70
823,seamanship_command_substage,Electronics,5/6/2021,1.00,70
832,seamanship_command_substage,Seamanship,5/6/2021,0.00,0
850,seamanship_command_substage,Machinery,5/6/2021,0.00,0
966,seamanship_command_substage,Seamanship,5/6/2021,0.00,0
972,seamanship_command_substage,Seamanship,5/6/2021,0.00,0
989,seamanship_command_substage,Seamanship,5/6/2021,0.00,0
1170,seamanship_command_substage,Electronics,5/6/2021,0.00,0
1172,seamanship_command_substage,Seamanship,5/6/2021,0.00,0
1183,seamanship_command_substage,Seamanship,5/6/2021,0.00,0
1215,seamanship_command_substage,Seamanship,5/6/2021,0.00,0
1238,seamanship_command_substage,Seamanship,5/6/2021,1.00,70
1288,seamanship_command_substage,Seamanship,5/6/2021,0.00,0
1298,seamanship_command_substage,Seamanship,5/6/2021,0.00,0
1323,seamanship_command_substage,Seamanship,5/6/2021,0.00,0
3234,seamanship_command_substage,Electronics,5/6/2021,0.00,0
3246,seamanship_command_substage,Machinery,5/6/2021,1.00,70
3265,seamanship_command_substage,Seamanship,5/6/2021,0.00,0
3307,seamanship_command_substage,Machinery,5/6/2021,0.00,0
3308,seamanship_command_substage,Machinery,5/6/2021,0.00,0
3340,seamanship_command_substage,Electronics,5/6/2021,1.00,70
3390,seamanship_command_substage,Seamanship,5/6/2021,0.00,0
3490,seamanship_command_substage,Machinery,5/6/2021,1.00,70
3493,seamanship_command_substage,Seamanship,5/6/2021,0.00,0
3496,seamanship_command_substage,Seamanship,5/6/2021,0.00,0
3617,seamanship_command_substage,Machinery,5/6/2021,1.00,70
3633,seamanship_command_substage,Seamanship,5/6/2021,1.00,70
3675,seamanship_command_substage,Electronics,5/6/2021,0.00,0
3711,seamanship_command_substage,Electronics,5/6/2021,0.00,0
3725,seamanship_command_substage,Seamanship,5/6/2021,1.00,70
3727,seamanship_command_substage,Machinery,5/6/2021,1.00,70
3734,seamanship_command_substage,Seamanship,5/6/2021,0.00,0
3742,seamanship_command_substage,Machinery,5/6/2021,0.00,0
3789,seamanship_command_substage,Seamanship,5/6/2021,0.00,0
3803,seamanship_command_substage,Seamanship,5/6/2021,0.00,0
3816,seamanship_command_substage,Electronics,5/6/2021,1.00,70
3824,seamanship_command_substage,Seamanship,5/6/2021,0.00,0
3836,seamanship_command_substage,Seamanship,5/6/2021,0.00,0
3847,seamanship_command_substage,Electronics,5/6/2021,0.00,0
3878,seamanship_command_substage,Seamanship,5/6/2021,0.00,0
3879,seamanship_command_substage,Electronics,5/6/2021,0.00,0
172,fundamental_stage,Seamanship,11/1/2021,1.00,85
218,fundamental_stage,Machinery,11/1/2021,1.00,90
299,fundamental_stage,Seamanship,11/1/2021,1.00,87
323,fundamental_stage,Seamanship,11/1/2021,1.00,89
340,fundamental_stage,Seamanship,11/1/2021,1.00,84
529,fundamental_stage,Electronics,11/1/2021,1.00,90
555,fundamental_stage,Seamanship,11/1/2021,1.00,85
668,fundamental_stage,Seamanship,11/1/2021,1.00,81
701,fundamental_stage,Seamanship,11/1/2021,1.00,70
730,fundamental_stage,Machinery,11/1/2021,1.00,86
782,fundamental_stage,Seamanship,11/1/2021,1.00,93
876,fundamental_stage,Seamanship,11/1/2021,1.00,90
1283,fundamental_stage,Seamanship,11/1/2021,1.00,83
3222,fundamental_stage,Seamanship,11/1/2021,1.00,86
3269,fundamental_stage,Seamanship,11/1/2021,1.00,85
3287,fundamental_stage,Seamanship,11/1/2021,1.00,98
3382,fundamental_stage,Seamanship,11/1/2021,1.00,80
3466,fundamental_stage,Seamanship,11/1/2021,0.00,0
3518,fundamental_stage,Machinery,11/1/2021,1.00,90
3546,fundamental_stage,Seamanship,11/1/2021,1.00,84
3610,fundamental_stage,Seamanship,11/1/2021,1.00,85
3685,fundamental_stage,Electronics,11/1/2021,1.00,90
3695,fundamental_stage,Seamanship,11/1/2021,1.00,70
3778,fundamental_stage,Seamanship,11/1/2021,1.00,87
3788,fundamental_stage,Seamanship,11/1/2021,1.00,93
3801,fundamental_stage,Electronics,11/1/2021,1.00,90
3819,fundamental_stage,Seamanship,11/1/2021,1.00,88
3835,fundamental_stage,Machinery,11/1/2021,0.00,0
3898,fundamental_stage,Seamanship,11/1/2021,1.00,83
623,fundamental_stage,Electronics,11/1/2021,0.00,0
649,fundamental_stage,Electronics,11/1/2021,0.00,0
657,fundamental_stage,Seamanship,11/1/2021,0.00,0
813,fundamental_stage,Machinery,11/1/2021,0.00,0
823,fundamental_stage,Seamanship,11/1/2021,0.00,0
1238,fundamental_stage,Seamanship,11/1/2021,0.00,0
3246,fundamental_stage,Machinery,11/1/2021,1.00,88
3340,fundamental_stage,Electronics,11/1/2021,0.00,0
3490,fundamental_stage,Machinery,11/1/2021,1.00,90
3617,fundamental_stage,Machinery,11/1/2021,0.00,0
3633,fundamental_stage,Seamanship,11/1/2021,0.00,0
3725,fundamental_stage,Seamanship,11/1/2021,0.00,0
3727,fundamental_stage,Seamanship,11/1/2021,0.00,0
3816,fundamental_stage,Seamanship,11/1/2021,0.00,0
105,seamanship_command_substage,Seamanship,11/4/2021,1.00,80
206,seamanship_command_substage,Electronics,11/4/2021,1.00,89
284,seamanship_command_substage,Seamanship,11/4/2021,1.00,90
295,seamanship_command_substage,Machinery,11/4/2021,1.00,96
378,seamanship_command_substage,Seamanship,11/4/2021,1.00,87
405,seamanship_command_substage,Machinery,11/4/2021,1.00,68
409,seamanship_command_substage,Seamanship,11/4/2021,0.00,0
432,seamanship_command_substage,Seamanship,11/4/2021,1.00,91
469,seamanship_command_substage,Seamanship,11/4/2021,1.00,92
534,seamanship_command_substage,Electronics,11/4/2021,1.00,88
662,seamanship_command_substage,Seamanship,11/4/2021,1.00,90
736,seamanship_command_substage,Seamanship,11/4/2021,1.00,87
763,seamanship_command_substage,Seamanship,11/4/2021,1.00,86
795,seamanship_command_substage,Seamanship,11/4/2021,1.00,91
802,seamanship_command_substage,Electronics,11/4/2021,1.00,88
870,seamanship_command_substage,Electronics,11/4/2021,1.00,85
889,seamanship_command_substage,Seamanship,11/4/2021,1.00,82
892,seamanship_command_substage,Seamanship,11/4/2021,0.00,0
893,seamanship_command_substage,Machinery,11/4/2021,1.00,86
1211,seamanship_command_substage,Seamanship,11/4/2021,1.00,82
1227,seamanship_command_substage,Machinery,11/4/2021,1.00,80
1246,seamanship_command_substage,Seamanship,11/4/2021,1.00,85
1261,seamanship_command_substage,Seamanship,11/4/2021,1.00,75
1315,seamanship_command_substage,Seamanship,11/4/2021,1.00,88
1339,seamanship_command_substage,Electronics,11/4/2021,1.00,90
1346,seamanship_command_substage,Seamanship,11/4/2021,1.00,90
1350,seamanship_command_substage,Machinery,11/4/2021,1.00,93
1508,seamanship_command_substage,Seamanship,11/4/2021,1.00,88
1521,seamanship_command_substage,Seamanship,11/4/2021,1.00,89
1564,seamanship_command_substage,Seamanship,11/4/2021,1.00,87
1752,seamanship_command_substage,Seamanship,11/4/2021,0.00,0
3247,seamanship_command_substage,Seamanship,11/4/2021,1.00,85
3304,seamanship_command_substage,Electronics,11/4/2021,1.00,90
3410,seamanship_command_substage,Seamanship,11/4/2021,1.00,90
3430,seamanship_command_substage,Machinery,11/4/2021,1.00,92
3638,seamanship_command_substage,Electronics,11/4/2021,1.00,70
3693,seamanship_command_substage,Electronics,11/4/2021,0.00,0
3699,seamanship_command_substage,Electronics,11/4/2021,1.00,85
3726,seamanship_command_substage,Machinery,11/4/2021,1.00,81
3729,seamanship_command_substage,Seamanship,11/4/2021,1.00,81
3807,seamanship_command_substage,Seamanship,11/4/2021,1.00,94
3840,seamanship_command_substage,Seamanship,11/4/2021,1.00,85
3865,seamanship_command_substage,Seamanship,11/4/2021,1.00,95
3882,seamanship_command_substage,Machinery,11/4/2021,1.00,87
3894,seamanship_command_substage,Seamanship,11/4/2021,1.00,94
102,seamanship_command_substage,Machinery,11/4/2021,0.00,0
116,seamanship_command_substage,Electronics,11/4/2021,0.00,0
151,seamanship_command_substage,Machinery,11/4/2021,1.00,86
236,seamanship_command_substage,Seamanship,11/4/2021,1.00,89
361,seamanship_command_substage,Seamanship,11/4/2021,0.00,0
370,seamanship_command_substage,Seamanship,11/4/2021,0.00,0
402,seamanship_command_substage,Seamanship,11/4/2021,0.00,0
417,seamanship_command_substage,Seamanship,11/4/2021,0.00,0
454,seamanship_command_substage,Seamanship,11/4/2021,0.00,0
482,seamanship_command_substage,Electronics,11/4/2021,0.00,0
485,seamanship_command_substage,Electronics,11/4/2021,1.00,67
647,seamanship_command_substage,Seamanship,11/4/2021,0.00,0
776,seamanship_command_substage,Seamanship,11/4/2021,1.00,74
783,seamanship_command_substage,Seamanship,11/4/2021,0.00,0
812,seamanship_command_substage,Seamanship,11/4/2021,0.00,0
826,seamanship_command_substage,Seamanship,11/4/2021,1.00,90
827,seamanship_command_substage,Seamanship,11/4/2021,0.00,0
837,seamanship_command_substage,Electronics,11/4/2021,0.00,0
859,seamanship_command_substage,Seamanship,11/4/2021,0.00,0
865,seamanship_command_substage,Machinery,11/4/2021,0.00,0
923,seamanship_command_substage,Seamanship,11/4/2021,1.00,80
964,seamanship_command_substage,Seamanship,11/4/2021,0.00,0
1002,seamanship_command_substage,Seamanship,11/4/2021,0.00,0
1013,seamanship_command_substage,Seamanship,11/4/2021,0.00,0
1174,seamanship_command_substage,Seamanship,11/4/2021,0.00,0
1231,seamanship_command_substage,Seamanship,11/4/2021,0.00,0
1403,seamanship_command_substage,Electronics,11/4/2021,0.00,0
1405,seamanship_command_substage,Electronics,11/4/2021,1.00,79
1442,seamanship_command_substage,Seamanship,11/4/2021,0.00,0
1448,seamanship_command_substage,Seamanship,11/4/2021,0.00,0
1457,seamanship_command_substage,Seamanship,11/4/2021,1.00,90
1553,seamanship_command_substage,Electronics,11/4/2021,0.00,0
1723,seamanship_command_substage,Seamanship,11/4/2021,0.00,0
1733,seamanship_command_substage,Seamanship,11/4/2021,0.00,0
3278,seamanship_command_substage,Seamanship,11/4/2021,0.00,0
3399,seamanship_command_substage,Seamanship,11/4/2021,1.00,90
3574,seamanship_command_substage,Seamanship,11/4/2021,0.00,0
3669,seamanship_command_substage,Machinery,11/4/2021,0.00,0
3674,seamanship_command_substage,Machinery,11/4/2021,1.00,82
3677,seamanship_command_substage,Seamanship,11/4/2021,0.00,0
3724,seamanship_command_substage,Seamanship,11/4/2021,1.00,89
3738,seamanship_command_substage,Seamanship,11/4/2021,0.00,0
3904,seamanship_command_substage,Seamanship,11/4/2021,1.00,80
3521,seamanship_command_substage,Seamanship,1/31/2022,1.00,81
105,fundamental_stage,Seamanship,5/1/2022,1.00,90
206,fundamental_stage,Electronics,5/1/2022,1.00,85
284,fundamental_stage,Seamanship,5/1/2022,1.00,92
295,fundamental_stage,Machinery,5/1/2022,1.00,95
378,fundamental_stage,Seamanship,5/1/2022,1.00,96
405,fundamental_stage,Machinery,5/1/2022,1.00,88
432,fundamental_stage,Seamanship,5/1/2022,1.00,97
469,fundamental_stage,Seamanship,5/1/2022,1.00,97
534,fundamental_stage,Electronics,5/1/2022,1.00,82
662,fundamental_stage,Seamanship,5/1/2022,1.00,97
736,fundamental_stage,Seamanship,5/1/2022,1.00,92
763,fundamental_stage,Seamanship,5/1/2022,1.00,96
795,fundamental_stage,Seamanship,5/1/2022,1.00,85
802,fundamental_stage,Electronics,5/1/2022,1.00,92
870,fundamental_stage,Electronics,5/1/2022,1.00,94
889,fundamental_stage,Seamanship,5/1/2022,1.00,89
893,fundamental_stage,Machinery,5/1/2022,1.00,90
1211,fundamental_stage,Seamanship,5/1/2022,1.00,90
1227,fundamental_stage,Machinery,5/1/2022,1.00,75
1246,fundamental_stage,Seamanship,5/1/2022,0.00,0
1261,fundamental_stage,Seamanship,5/1/2022,0.00,0
1315,fundamental_stage,Seamanship,5/1/2022,1.00,95
1339,fundamental_stage,Electronics,5/1/2022,1.00,89
1346,fundamental_stage,Seamanship,5/1/2022,1.00,97
1350,fundamental_stage,Machinery,5/1/2022,1.00,92
1508,fundamental_stage,Seamanship,5/1/2022,1.00,98
1521,fundamental_stage,Seamanship,5/1/2022,1.00,98
1564,fundamental_stage,Seamanship,5/1/2022,1.00,98
3247,fundamental_stage,Seamanship,5/1/2022,1.00,94
3304,fundamental_stage,Seamanship,5/1/2022,1.00,88
3410,fundamental_stage,Seamanship,5/1/2022,1.00,95
3430,fundamental_stage,Machinery,5/1/2022,1.00,84
3466,fundamental_stage,Seamanship,5/1/2022,1.00,98
3521,fundamental_stage,Seamanship,5/1/2022,0.00,0
3638,fundamental_stage,Electronics,5/1/2022,0.00,0
3699,fundamental_stage,Electronics,5/1/2022,1.00,88
3726,fundamental_stage,Machinery,5/1/2022,1.00,85
3729,fundamental_stage,Seamanship,5/1/2022,1.00,94
3807,fundamental_stage,Seamanship,5/1/2022,1.00,82
3840,fundamental_stage,Seamanship,5/1/2022,1.00,91
3865,fundamental_stage,Seamanship,5/1/2022,1.00,87
3882,fundamental_stage,Machinery,5/1/2022,1.00,95
3894,fundamental_stage,Seamanship,5/1/2022,1.00,95
151,fundamental_stage,Machinery,5/1/2022,0.00,0
236,fundamental_stage,Seamanship,5/1/2022,0.00,0
485,fundamental_stage,Electronics,5/1/2022,0.00,0
776,fundamental_stage,Seamanship,5/1/2022,0.00,0
826,fundamental_stage,Seamanship,5/1/2022,0.00,0
923,fundamental_stage,Seamanship,5/1/2022,0.00,0
1405,fundamental_stage,Electronics,5/1/2022,0.00,0
1457,fundamental_stage,Seamanship,5/1/2022,0.00,0
3399,fundamental_stage,Seamanship,5/1/2022,0.00,0
3674,fundamental_stage,Machinery,5/1/2022,0.00,0
3724,fundamental_stage,Seamanship,5/1/2022,0.00,0
3904,fundamental_stage,Seamanship,5/1/2022,1.00,82
409,seamanship_command_substage,Seamanship,5/8/2022,1.00,80
557,seamanship_command_substage,Seamanship,5/8/2022,1.00,85
858,seamanship_command_substage,Seamanship,5/8/2022,1.00,89
897,seamanship_command_substage,Seamanship,5/8/2022,0.00,0
903,seamanship_command_substage,Machinery,5/8/2022,1.00,82
1032,seamanship_command_substage,Seamanship,5/8/2022,1.00,91
1096,seamanship_command_substage,Seamanship,5/8/2022,1.00,89
1106,seamanship_command_substage,Seamanship,5/8/2022,1.00,78
1242,seamanship_command_substage,Machinery,5/8/2022,1.00,78
1273,seamanship_command_substage,Seamanship,5/8/2022,1.00,92
1285,seamanship_command_substage,Seamanship,5/8/2022,1.00,88
1355,seamanship_command_substage,Seamanship,5/8/2022,1.00,85
1430,seamanship_command_substage,Machinery,5/8/2022,1.00,81
1461,seamanship_command_substage,Seamanship,5/8/2022,1.00,80
1487,seamanship_command_substage,Seamanship,5/8/2022,1.00,82
1514,seamanship_command_substage,Seamanship,5/8/2022,1.00,82
1551,seamanship_command_substage,Electronics,5/8/2022,1.00,87
1616,seamanship_command_substage,Seamanship,5/8/2022,1.00,83
1628,seamanship_command_substage,Machinery,5/8/2022,1.00,85
1633,seamanship_command_substage,Seamanship,5/8/2022,1.00,82
1683,seamanship_command_substage,Machinery,5/8/2022,1.00,94
1709,seamanship_command_substage,Seamanship,5/8/2022,1.00,82
1760,seamanship_command_substage,Seamanship,5/8/2022,0.00,0
1784,seamanship_command_substage,Seamanship,5/8/2022,1.00,81
1788,seamanship_command_substage,Electronics,5/8/2022,0.00,0
1798,seamanship_command_substage,Machinery,5/8/2022,1.00,87
1844,seamanship_command_substage,Seamanship,5/8/2022,1.00,88
1853,seamanship_command_substage,Machinery,5/8/2022,1.00,89
1923,seamanship_command_substage,Seamanship,5/8/2022,1.00,85
1933,seamanship_command_substage,Seamanship,5/8/2022,0.00,0
1989,seamanship_command_substage,Seamanship,5/8/2022,1.00,89
1990,seamanship_command_substage,Seamanship,5/8/2022,1.00,83
2018,seamanship_command_substage,Seamanship,5/8/2022,1.00,86
3231,seamanship_command_substage,Electronics,5/8/2022,1.00,84
3339,seamanship_command_substage,Seamanship,5/8/2022,1.00,82
3491,seamanship_command_substage,Seamanship,5/8/2022,1.00,82
3529,seamanship_command_substage,Seamanship,5/8/2022,1.00,74
3548,seamanship_command_substage,Seamanship,5/8/2022,1.00,85
3641,seamanship_command_substage,Seamanship,5/8/2022,1.00,84
3690,seamanship_command_substage,Electronics,5/8/2022,1.00,87
3784,seamanship_command_substage,Seamanship,5/8/2022,1.00,82
3829,seamanship_command_substage,Electronics,5/8/2022,1.00,92
3832,seamanship_command_substage,Seamanship,5/8/2022,1.00,77
3854,seamanship_command_substage,Seamanship,5/8/2022,0.00,0
3911,seamanship_command_substage,Machinery,5/8/2022,1.00,85
3912,seamanship_command_substage,Seamanship,5/8/2022,1.00,82
3946,seamanship_command_substage,Seamanship,5/8/2022,1.00,77
4012,seamanship_command_substage,Seamanship,5/8/2022,1.00,85
4024,seamanship_command_substage,Seamanship,5/8/2022,1.00,89
4130,seamanship_command_substage,Seamanship,5/8/2022,0.00,0
174,seamanship_command_substage,Seamanship,5/8/2022,0.00,0
368,seamanship_command_substage,Seamanship,5/8/2022,0.00,0
402,seamanship_command_substage,Seamanship,5/8/2022,0.00,0
552,seamanship_command_substage,Seamanship,5/8/2022,0.00,0
580,seamanship_command_substage,Machinery,5/8/2022,0.00,0
631,seamanship_command_substage,Seamanship,5/8/2022,0.00,0
753,seamanship_command_substage,Seamanship,5/8/2022,1.00,79
932,seamanship_command_substage,Seamanship,5/8/2022,0.00,0
951,seamanship_command_substage,Seamanship,5/8/2022,1.00,78
1011,seamanship_command_substage,Seamanship,5/8/2022,0.00,0
1020,seamanship_command_substage,Seamanship,5/8/2022,0.00,0
1085,seamanship_command_substage,Seamanship,5/8/2022,0.00,0
1231,seamanship_command_substage,Seamanship,5/8/2022,1.00,81
1313,seamanship_command_substage,Seamanship,5/8/2022,0.00,0
1358,seamanship_command_substage,Electronics,5/8/2022,0.00,0
1441,seamanship_command_substage,Seamanship,5/8/2022,0.00,0
1448,seamanship_command_substage,Seamanship,5/8/2022,1.00,91
1484,seamanship_command_substage,Electronics,5/8/2022,0.00,0
1490,seamanship_command_substage,Seamanship,5/8/2022,0.00,0
1544,seamanship_command_substage,Electronics,5/8/2022,0.00,0
1576,seamanship_command_substage,Seamanship,5/8/2022,0.00,0
1704,seamanship_command_substage,Seamanship,5/8/2022,0.00,0
1706,seamanship_command_substage,Seamanship,5/8/2022,0.00,0
1747,seamanship_command_substage,Seamanship,5/8/2022,0.00,0
1754,seamanship_command_substage,Seamanship,5/8/2022,0.00,0
1794,seamanship_command_substage,Seamanship,5/8/2022,0.00,0
1801,seamanship_command_substage,Electronics,5/8/2022,0.00,0
1818,seamanship_command_substage,Seamanship,5/8/2022,1.00,80
1993,seamanship_command_substage,Seamanship,5/8/2022,1.00,81
1999,seamanship_command_substage,Seamanship,5/8/2022,0.00,0
2002,seamanship_command_substage,Electronics,5/8/2022,0.00,0
3350,seamanship_command_substage,Machinery,5/8/2022,1.00,84
3581,seamanship_command_substage,Seamanship,5/8/2022,0.00,0
3667,seamanship_command_substage,Electronics,5/8/2022,1.00,83
3719,seamanship_command_substage,Seamanship,5/8/2022,0.00,0
3780,seamanship_command_substage,Seamanship,5/8/2022,0.00,0
3830,seamanship_command_substage,Seamanship,5/8/2022,0.00,0
3957,seamanship_command_substage,Seamanship,5/8/2022,0.00,0
3992,seamanship_command_substage,Seamanship,5/8/2022,0.00,0
4022,seamanship_command_substage,Seamanship,5/8/2022,0.00,0
4069,seamanship_command_substage,Seamanship,5/8/2022,0.00,0
4136,seamanship_command_substage,Seamanship,5/8/2022,0.00,0
4162,seamanship_command_substage,Seamanship,5/8/2022,0.00,0
4217,seamanship_command_substage,Seamanship,5/8/2022,0.00,0
4347,seamanship_command_substage,Machinery,5/8/2022,0.00,0
4747,seamanship_command_substage,Seamanship,5/8/2022,0.00,0
5339,seamanship_command_substage,Seamanship,5/8/2022,0.00,0
5976,seamanship_command_substage,Seamanship,5/8/2022,0.00,0
3283,seamanship_command_substage,Seamanship,5/9/2022,0.00,0
4240,seamanship_command_substage,Seamanship,5/9/2022,0.00,0
1752,seamanship_command_substage,Seamanship,7/20/2022,1.00,81
409,fundamental_stage,Seamanship,10/25/2022,1.00,80
557,fundamental_stage,Seamanship,10/25/2022,1.00,80
858,fundamental_stage,Seamanship,10/25/2022,1.00,78
903,fundamental_stage,Machinery,10/25/2022,1.00,77
1032,fundamental_stage,Seamanship,10/25/2022,1.00,87
1096,fundamental_stage,Seamanship,10/25/2022,1.00,87
1106,fundamental_stage,Seamanship,10/25/2022,1.00,85
1242,fundamental_stage,Machinery,10/25/2022,1.00,78
1261,fundamental_stage,Seamanship,10/25/2022,1.00,83
1273,fundamental_stage,Seamanship,10/25/2022,1.00,83
1285,fundamental_stage,Seamanship,10/25/2022,1.00,92
1355,fundamental_stage,Seamanship,10/25/2022,1.00,80
1430,fundamental_stage,Machinery,10/25/2022,1.00,80
1461,fundamental_stage,Machinery,10/25/2022,0.00,0
1487,fundamental_stage,Seamanship,10/25/2022,1.00,83
1514,fundamental_stage,Seamanship,10/25/2022,1.00,88
1551,fundamental_stage,Electronics,10/25/2022,1.00,82
1616,fundamental_stage,Seamanship,10/25/2022,1.00,77
1628,fundamental_stage,Machinery,10/25/2022,1.00,89
1633,fundamental_stage,Seamanship,10/25/2022,1.00,85
1683,fundamental_stage,Machinery,10/25/2022,1.00,85
1709,fundamental_stage,Seamanship,10/25/2022,1.00,79
1752,fundamental_stage,Seamanship,10/25/2022,0.00,0
1784,fundamental_stage,Seamanship,10/25/2022,1.00,77
1798,fundamental_stage,Machinery,10/25/2022,1.00,90
1844,fundamental_stage,Seamanship,10/25/2022,1.00,90
1853,fundamental_stage,Machinery,10/25/2022,0.00,0
1923,fundamental_stage,Seamanship,10/25/2022,1.00,80
1989,fundamental_stage,Seamanship,10/25/2022,1.00,84
1990,fundamental_stage,Seamanship,10/25/2022,1.00,77
2018,fundamental_stage,Seamanship,10/25/2022,1.00,82
3231,fundamental_stage,Electronics,10/25/2022,1.00,80
3339,fundamental_stage,Seamanship,10/25/2022,1.00,87
3491,fundamental_stage,Seamanship,10/25/2022,0.00,0
3529,fundamental_stage,Seamanship,10/25/2022,1.00,82
3548,fundamental_stage,Seamanship,10/25/2022,1.00,83
3641,fundamental_stage,Seamanship,10/25/2022,1.00,87
3690,fundamental_stage,Electronics,10/25/2022,1.00,85
3784,fundamental_stage,Seamanship,10/25/2022,1.00,80
3829,fundamental_stage,Electronics,10/25/2022,1.00,84
3832,fundamental_stage,Seamanship,10/25/2022,1.00,75
3911,fundamental_stage,Machinery,10/25/2022,1.00,91
3912,fundamental_stage,Seamanship,10/25/2022,0.00,0
3946,fundamental_stage,Seamanship,10/25/2022,1.00,74
4012,fundamental_stage,Seamanship,10/25/2022,0.00,0
4024,fundamental_stage,Seamanship,10/25/2022,1.00,85
753,fundamental_stage,Seamanship,10/25/2022,0.00,0
951,fundamental_stage,Seamanship,10/25/2022,0.00,0
1231,fundamental_stage,Seamanship,10/25/2022,0.00,0
1448,fundamental_stage,Seamanship,10/25/2022,0.00,0
1818,fundamental_stage,Seamanship,10/25/2022,0.00,0
1993,fundamental_stage,Seamanship,10/25/2022,0.00,0
3350,fundamental_stage,Machinery,10/25/2022,0.00,0
3667,fundamental_stage,Electronics,10/25/2022,0.00,0
139,seamanship_command_substage,Seamanship,11/3/2022,1.00,83
220,seamanship_command_substage,Seamanship,11/3/2022,1.00,82
229,seamanship_command_substage,Machinery,11/3/2022,1.00,84
234,seamanship_command_substage,Seamanship,11/3/2022,0.00,0
245,seamanship_command_substage,Seamanship,11/3/2022,1.00,81
253,seamanship_command_substage,Seamanship,11/3/2022,1.00,84
625,seamanship_command_substage,Seamanship,11/3/2022,1.00,80
928,seamanship_command_substage,Seamanship,11/3/2022,1.00,80
990,seamanship_command_substage,Seamanship,11/3/2022,1.00,78
1062,seamanship_command_substage,Machinery,11/3/2022,1.00,84
1095,seamanship_command_substage,Seamanship,11/3/2022,1.00,82
1196,seamanship_command_substage,Seamanship,11/3/2022,1.00,81
1224,seamanship_command_substage,Seamanship,11/3/2022,1.00,87
1408,seamanship_command_substage,Seamanship,11/3/2022,1.00,80
1414,seamanship_command_substage,Seamanship,11/3/2022,1.00,93
1420,seamanship_command_substage,Electronics,11/3/2022,1.00,80
1423,seamanship_command_substage,Seamanship,11/3/2022,1.00,77
1470,seamanship_command_substage,Seamanship,11/3/2022,1.00,82
1711,seamanship_command_substage,Seamanship,11/3/2022,1.00,82
1759,seamanship_command_substage,Seamanship,11/3/2022,1.00,87
1816,seamanship_command_substage,Seamanship,11/3/2022,1.00,78
1832,seamanship_command_substage,Machinery,11/3/2022,1.00,89
1848,seamanship_command_substage,Seamanship,11/3/2022,0.00,0
1851,seamanship_command_substage,Electronics,11/3/2022,1.00,84
1894,seamanship_command_substage,Machinery,11/3/2022,1.00,81
2028,seamanship_command_substage,Seamanship,11/3/2022,1.00,80
2076,seamanship_command_substage,Electronics,11/3/2022,1.00,85
3334,seamanship_command_substage,Seamanship,11/3/2022,0.00,0
3420,seamanship_command_substage,Seamanship,11/3/2022,0.00,0
3569,seamanship_command_substage,Electronics,11/3/2022,1.00,87
3658,seamanship_command_substage,Electronics,11/3/2022,1.00,83
3828,seamanship_command_substage,Seamanship,11/3/2022,0.00,0
3854,seamanship_command_substage,Seamanship,11/3/2022,0.00,0
3981,seamanship_command_substage,Seamanship,11/3/2022,0.00,0
4014,seamanship_command_substage,Seamanship,11/3/2022,1.00,79
4016,seamanship_command_substage,Electronics,11/3/2022,1.00,89
4033,seamanship_command_substage,Seamanship,11/3/2022,1.00,84
4092,seamanship_command_substage,Electronics,11/3/2022,1.00,83
4110,seamanship_command_substage,Seamanship,11/3/2022,1.00,82
4135,seamanship_command_substage,Seamanship,11/3/2022,1.00,78
4146,seamanship_command_substage,Seamanship,11/3/2022,1.00,81
4230,seamanship_command_substage,Seamanship,11/3/2022,0.00,0
4334,seamanship_command_substage,Seamanship,11/3/2022,1.00,81
4393,seamanship_command_substage,Seamanship,11/3/2022,1.00,85
4480,seamanship_command_substage,Seamanship,11/3/2022,1.00,81
4530,seamanship_command_substage,Electronics,11/3/2022,1.00,81
4531,seamanship_command_substage,Machinery,11/3/2022,1.00,75
4548,seamanship_command_substage,Seamanship,11/3/2022,1.00,87
4592,seamanship_command_substage,Seamanship,11/3/2022,1.00,80
4635,seamanship_command_substage,Seamanship,11/3/2022,0.00,0
4654,seamanship_command_substage,Seamanship,11/3/2022,1.00,79
4717,seamanship_command_substage,Seamanship,11/3/2022,1.00,80
4744,seamanship_command_substage,Seamanship,11/3/2022,1.00,81
4792,seamanship_command_substage,Seamanship,11/3/2022,1.00,78
4837,seamanship_command_substage,Seamanship,11/3/2022,1.00,86
4863,seamanship_command_substage,Seamanship,11/3/2022,1.00,80
5066,seamanship_command_substage,Seamanship,11/3/2022,1.00,77
5126,seamanship_command_substage,Seamanship,11/3/2022,1.00,76
5261,seamanship_command_substage,Seamanship,11/3/2022,1.00,79
5265,seamanship_command_substage,Seamanship,11/3/2022,1.00,82
5268,seamanship_command_substage,Electronics,11/3/2022,0.00,0
185,seamanship_command_substage,Electronics,11/3/2022,1.00,90
1086,seamanship_command_substage,Seamanship,11/3/2022,0.00,0
1207,seamanship_command_substage,Seamanship,11/3/2022,0.00,0
1218,seamanship_command_substage,Seamanship,11/3/2022,0.00,0
1447,seamanship_command_substage,Seamanship,11/3/2022,0.00,0
1455,seamanship_command_substage,Seamanship,11/3/2022,0.00,0
1479,seamanship_command_substage,Machinery,11/3/2022,0.00,0
1525,seamanship_command_substage,Seamanship,11/3/2022,0.00,0
1546,seamanship_command_substage,Seamanship,11/3/2022,0.00,0
1566,seamanship_command_substage,Seamanship,11/3/2022,0.00,0
1720,seamanship_command_substage,Machinery,11/3/2022,0.00,0
1736,seamanship_command_substage,Seamanship,11/3/2022,0.00,0
1872,seamanship_command_substage,Seamanship,11/3/2022,0.00,0
1910,seamanship_command_substage,Seamanship,11/3/2022,0.00,0
2020,seamanship_command_substage,Seamanship,11/3/2022,0.00,0
2054,seamanship_command_substage,Seamanship,11/3/2022,0.00,0
2058,seamanship_command_substage,Seamanship,11/3/2022,0.00,0
2080,seamanship_command_substage,Seamanship,11/3/2022,0.00,0
2087,seamanship_command_substage,Seamanship,11/3/2022,0.00,0
2092,seamanship_command_substage,Seamanship,11/3/2022,0.00,0
2177,seamanship_command_substage,Seamanship,11/3/2022,0.00,0
3596,seamanship_command_substage,Electronics,11/3/2022,0.00,0
3601,seamanship_command_substage,Machinery,11/3/2022,0.00,0
3707,seamanship_command_substage,Seamanship,11/3/2022,0.00,0
3827,seamanship_command_substage,Seamanship,11/3/2022,0.00,0
3949,seamanship_command_substage,Seamanship,11/3/2022,0.00,0
3998,seamanship_command_substage,Seamanship,11/3/2022,0.00,0
4007,seamanship_command_substage,Electronics,11/3/2022,0.00,0
4013,seamanship_command_substage,Electronics,11/3/2022,0.00,0
4042,seamanship_command_substage,Seamanship,11/3/2022,0.00,0
4139,seamanship_command_substage,Seamanship,11/3/2022,0.00,0
4159,seamanship_command_substage,Seamanship,11/3/2022,0.00,0
4191,seamanship_command_substage,Seamanship,11/3/2022,0.00,0
4273,seamanship_command_substage,Seamanship,11/3/2022,0.00,0
4294,seamanship_command_substage,Seamanship,11/3/2022,0.00,0
4417,seamanship_command_substage,Seamanship,11/3/2022,0.00,0
4535,seamanship_command_substage,Seamanship,11/3/2022,0.00,0
4539,seamanship_command_substage,Seamanship,11/3/2022,0.00,0
4540,seamanship_command_substage,Seamanship,11/3/2022,1.00,85
4580,seamanship_command_substage,Electronics,11/3/2022,0.00,0
4646,seamanship_command_substage,Seamanship,11/3/2022,0.00,0
4663,seamanship_command_substage,Electronics,11/3/2022,0.00,0
4682,seamanship_command_substage,Seamanship,11/3/2022,0.00,0
4851,seamanship_command_substage,Seamanship,11/3/2022,0.00,0
4867,seamanship_command_substage,Seamanship,11/3/2022,0.00,0
4872,seamanship_command_substage,Seamanship,11/3/2022,0.00,0
4960,seamanship_command_substage,Seamanship,11/3/2022,0.00,0
4975,seamanship_command_substage,Electronics,11/3/2022,0.00,0
4599,seamanship_command_substage,Machinery,11/14/2022,0.00,0
4230,seamanship_command_substage,Machinery,12/19/2022,1.00,76
1207,seamanship_command_substage,Machinery,12/19/2022,0.00,0
1933,seamanship_command_substage,Seamanship,1/22/2023,0.00,0
897,seamanship_command_substage,Seamanship,2/8/2023,0.00,0
139,fundamental_stage,Seamanship,4/23/2023,1.00,85
220,fundamental_stage,Seamanship,4/23/2023,1.00,81
229,fundamental_stage,Machinery,4/23/2023,1.00,91
245,fundamental_stage,Seamanship,4/23/2023,1.00,83
253,fundamental_stage,Seamanship,4/23/2023,1.00,83
625,fundamental_stage,Seamanship,4/23/2023,0.00,0
928,fundamental_stage,Seamanship,4/23/2023,0.00,0
990,fundamental_stage,Seamanship,4/23/2023,1.00,76
1062,fundamental_stage,Machinery,4/23/2023,1.00,83
1095,fundamental_stage,Seamanship,4/23/2023,1.00,85
1196,fundamental_stage,Seamanship,4/23/2023,1.00,84
1224,fundamental_stage,Seamanship,4/23/2023,1.00,88
1408,fundamental_stage,Seamanship,4/23/2023,1.00,85
1414,fundamental_stage,Seamanship,4/23/2023,1.00,85
1420,fundamental_stage,Electronics,4/23/2023,0.00,0
1423,fundamental_stage,Seamanship,4/23/2023,1.00,77
1470,fundamental_stage,Seamanship,4/23/2023,1.00,85
1711,fundamental_stage,Seamanship,4/23/2023,1.00,91
1759,fundamental_stage,Seamanship,4/23/2023,1.00,83
1816,fundamental_stage,Seamanship,4/23/2023,1.00,81
1832,fundamental_stage,Machinery,4/23/2023,1.00,84
1851,fundamental_stage,Electronics,4/23/2023,1.00,87
1853,fundamental_stage,Machinery,4/23/2023,1.00,87
1894,fundamental_stage,Machinery,4/23/2023,1.00,85
2028,fundamental_stage,Seamanship,4/23/2023,1.00,81
2076,fundamental_stage,Electronics,4/23/2023,1.00,88
3569,fundamental_stage,Electronics,4/23/2023,0.00,0
3658,fundamental_stage,Electronics,4/23/2023,1.00,85
3912,fundamental_stage,Seamanship,4/23/2023,1.00,89
4014,fundamental_stage,Seamanship,4/23/2023,1.00,89
4016,fundamental_stage,Electronics,4/23/2023,1.00,90
4033,fundamental_stage,Seamanship,4/23/2023,1.00,82
4092,fundamental_stage,Electronics,4/23/2023,0.00,0
4110,fundamental_stage,Seamanship,4/23/2023,1.00,80
4135,fundamental_stage,Seamanship,4/23/2023,1.00,75
4146,fundamental_stage,Seamanship,4/23/2023,1.00,80
4230,fundamental_stage,Machinery,4/23/2023,1.00,93
4334,fundamental_stage,Seamanship,4/23/2023,1.00,80
4393,fundamental_stage,Seamanship,4/23/2023,1.00,80
4480,fundamental_stage,Seamanship,4/23/2023,1.00,84
4530,fundamental_stage,Electronics,4/23/2023,1.00,91
4531,fundamental_stage,Machinery,4/23/2023,1.00,88
4548,fundamental_stage,Seamanship,4/23/2023,1.00,88
4592,fundamental_stage,Seamanship,4/23/2023,1.00,78
4654,fundamental_stage,Seamanship,4/23/2023,1.00,81
4717,fundamental_stage,Seamanship,4/23/2023,1.00,76
4744,fundamental_stage,Seamanship,4/23/2023,0.00,0
4792,fundamental_stage,Seamanship,4/23/2023,1.00,80
4837,fundamental_stage,Seamanship,4/23/2023,1.00,89
4863,fundamental_stage,Seamanship,4/23/2023,1.00,83
5066,fundamental_stage,Seamanship,4/23/2023,0.00,0
5126,fundamental_stage,Seamanship,4/23/2023,1.00,85
5261,fundamental_stage,Seamanship,4/23/2023,1.00,84
5265,fundamental_stage,Seamanship,4/23/2023,1.00,0
185,fundamental_stage,Electronics,4/23/2023,0.00,0
4540,fundamental_stage,Seamanship,4/23/2023,0.00,0
117,seamanship_command_substage,Electronics,5/4/2023,0.00,0
190,seamanship_command_substage,Machinery,5/4/2023,1.00,73
603,seamanship_command_substage,Machinery,5/4/2023,1.00,83
691,seamanship_command_substage,Seamanship,5/4/2023,1.00,87
716,seamanship_command_substage,Seamanship,5/4/2023,1.00,81
948,seamanship_command_substage,Seamanship,5/4/2023,1.00,76
958,seamanship_command_substage,Seamanship,5/4/2023,1.00,83
960,seamanship_command_substage,Seamanship,5/4/2023,1.00,80
1485,seamanship_command_substage,Seamanship,5/4/2023,1.00,84
1619,seamanship_command_substage,Seamanship,5/4/2023,1.00,73
1767,seamanship_command_substage,Seamanship,5/4/2023,1.00,80
1819,seamanship_command_substage,Seamanship,5/4/2023,1.00,87
1878,seamanship_command_substage,Seamanship,5/4/2023,1.00,85
1960,seamanship_command_substage,Machinery,5/4/2023,1.00,90
1968,seamanship_command_substage,Seamanship,5/4/2023,1.00,82
1974,seamanship_command_substage,Machinery,5/4/2023,1.00,75
2008,seamanship_command_substage,Seamanship,5/4/2023,1.00,83
2071,seamanship_command_substage,Electronics,5/4/2023,1.00,85
2114,seamanship_command_substage,Electronics,5/4/2023,1.00,86
2138,seamanship_command_substage,Seamanship,5/4/2023,1.00,80
2162,seamanship_command_substage,Machinery,5/4/2023,0.00,0
2181,seamanship_command_substage,Seamanship,5/4/2023,1.00,83
2242,seamanship_command_substage,Electronics,5/4/2023,1.00,84
2320,seamanship_command_substage,Machinery,5/4/2023,1.00,75
2420,seamanship_command_substage,Seamanship,5/4/2023,1.00,78
2454,seamanship_command_substage,Seamanship,5/4/2023,1.00,80
2460,seamanship_command_substage,Electronics,5/4/2023,0.00,0
2538,seamanship_command_substage,Electronics,5/4/2023,1.00,85
2675,seamanship_command_substage,Seamanship,5/4/2023,1.00,83
3828,seamanship_command_substage,Seamanship,5/4/2023,1.00,82
3981,seamanship_command_substage,Seamanship,5/4/2023,1.00,84
3999,seamanship_command_substage,Electronics,5/4/2023,1.00,87
4112,seamanship_command_substage,Electronics,5/4/2023,1.00,83
4129,seamanship_command_substage,Seamanship,5/4/2023,1.00,82
4319,seamanship_command_substage,Seamanship,5/4/2023,1.00,89
4387,seamanship_command_substage,Electronics,5/4/2023,0.00,0
4573,seamanship_command_substage,Seamanship,5/4/2023,0.00,0
4614,seamanship_command_substage,Seamanship,5/4/2023,1.00,74
4715,seamanship_command_substage,Seamanship,5/4/2023,0.00,0
4849,seamanship_command_substage,Machinery,5/4/2023,1.00,84
4901,seamanship_command_substage,Seamanship,5/4/2023,1.00,88
4930,seamanship_command_substage,Seamanship,5/4/2023,0.00,0
4972,seamanship_command_substage,Seamanship,5/4/2023,0.00,0
5098,seamanship_command_substage,Seamanship,5/4/2023,1.00,85
5278,seamanship_command_substage,Seamanship,5/4/2023,1.00,82
5472,seamanship_command_substage,Electronics,5/4/2023,0.00,0
6129,seamanship_command_substage,Seamanship,5/4/2023,0.00,0
138,seamanship_command_substage,Seamanship,5/4/2023,0.00,0
207,seamanship_command_substage,Seamanship,5/4/2023,0.00,0
602,seamanship_command_substage,Seamanship,5/4/2023,0.00,0
671,seamanship_command_substage,Seamanship,5/4/2023,0.00,0
1050,seamanship_command_substage,Seamanship,5/4/2023,0.00,0
1074,seamanship_command_substage,Seamanship,5/4/2023,0.00,0
1136,seamanship_command_substage,Electronics,5/4/2023,0.00,0
1139,seamanship_command_substage,Seamanship,5/4/2023,1.00,79
1141,seamanship_command_substage,Seamanship,5/4/2023,0.00,0
1157,seamanship_command_substage,Machinery,5/4/2023,1.00,71
1254,seamanship_command_substage,Electronics,5/4/2023,0.00,0
1370,seamanship_command_substage,Machinery,5/4/2023,1.00,85
1584,seamanship_command_substage,Seamanship,5/4/2023,0.00,0
1986,seamanship_command_substage,Seamanship,5/4/2023,0.00,0
2153,seamanship_command_substage,Machinery,5/4/2023,0.00,0
2258,seamanship_command_substage,Seamanship,5/4/2023,0.00,0
2380,seamanship_command_substage,Seamanship,5/4/2023,0.00,0
2415,seamanship_command_substage,Seamanship,5/4/2023,0.00,0
2507,seamanship_command_substage,Seamanship,5/4/2023,0.00,0
2532,seamanship_command_substage,Electronics,5/4/2023,0.00,0
2545,seamanship_command_substage,Seamanship,5/4/2023,0.00,0
2546,seamanship_command_substage,Seamanship,5/4/2023,0.00,0
2566,seamanship_command_substage,Machinery,5/4/2023,1.00,75
3434,seamanship_command_substage,Seamanship,5/4/2023,1.00,81
3593,seamanship_command_substage,Seamanship,5/4/2023,0.00,0
3996,seamanship_command_substage,Seamanship,5/4/2023,0.00,0
4320,seamanship_command_substage,Seamanship,5/4/2023,0.00,0
4322,seamanship_command_substage,Seamanship,5/4/2023,0.00,0
4328,seamanship_command_substage,Machinery,5/4/2023,0.00,0
4359,seamanship_command_substage,Seamanship,5/4/2023,0.00,0
4428,seamanship_command_substage,Seamanship,5/4/2023,0.00,0
4467,seamanship_command_substage,Seamanship,5/4/2023,0.00,0
4472,seamanship_command_substage,Seamanship,5/4/2023,0.00,0
4533,seamanship_command_substage,Seamanship,5/4/2023,1.00,80
4560,seamanship_command_substage,Electronics,5/4/2023,1.00,90
4645,seamanship_command_substage,Seamanship,5/4/2023,0.00,0
4663,seamanship_command_substage,Electronics,5/4/2023,0.00,0
4669,seamanship_command_substage,Seamanship,5/4/2023,0.00,0
4707,seamanship_command_substage,Seamanship,5/4/2023,0.00,0
4721,seamanship_command_substage,Seamanship,5/4/2023,0.00,0
4730,seamanship_command_substage,Seamanship,5/4/2023,0.00,0
4786,seamanship_command_substage,Seamanship,5/4/2023,0.00,0
4802,seamanship_command_substage,Seamanship,5/4/2023,0.00,0
4918,seamanship_command_substage,Machinery,5/4/2023,0.00,0
4937,seamanship_command_substage,Seamanship,5/4/2023,0.00,0
4956,seamanship_command_substage,Seamanship,5/4/2023,1.00,81
5002,seamanship_command_substage,Seamanship,5/4/2023,1.00,79
5213,seamanship_command_substage,Electronics,5/4/2023,1.00,83
5227,seamanship_command_substage,Seamanship,5/4/2023,0.00,0
5260,seamanship_command_substage,Seamanship,5/4/2023,0.00,0
5297,seamanship_command_substage,Seamanship,5/4/2023,0.00,0
5455,seamanship_command_substage,Seamanship,5/4/2023,0.00,0
6129,seamanship_command_substage,Machinery,8/22/2023,1.00,68
190,fundamental_stage,Machinery,10/19/2023,1.00,79
196,seamanship_command_substage,Electronics,10/19/2023,1.00,86
603,fundamental_stage,Machinery,10/19/2023,1.00,74
691,fundamental_stage,Seamanship,10/19/2023,1.00,87
716,fundamental_stage,Seamanship,10/19/2023,1.00,84
948,fundamental_stage,Seamanship,10/19/2023,1.00,83
958,fundamental_stage,Seamanship,10/19/2023,1.00,85
960,fundamental_stage,Seamanship,10/19/2023,1.00,84
1380,seamanship_command_substage,Seamanship,10/19/2023,1.00,87
1485,fundamental_stage,Seamanship,10/19/2023,0.00,0
1492,seamanship_command_substage,Seamanship,10/19/2023,1.00,80
1619,fundamental_stage,Seamanship,10/19/2023,1.00,77
1767,fundamental_stage,Seamanship,10/19/2023,1.00,86
1795,seamanship_command_substage,Seamanship,10/19/2023,1.00,79
1819,fundamental_stage,Seamanship,10/19/2023,1.00,83
1823,seamanship_command_substage,Seamanship,10/19/2023,1.00,80
1825,seamanship_command_substage,Seamanship,10/19/2023,1.00,80
1878,fundamental_stage,Seamanship,10/19/2023,1.00,89
1960,fundamental_stage,Machinery,10/19/2023,1.00,90
1968,fundamental_stage,Seamanship,10/19/2023,1.00,83
1974,fundamental_stage,Machinery,10/19/2023,1.00,77
2000,seamanship_command_substage,Electronics,10/19/2023,1.00,82
2008,fundamental_stage,Seamanship,10/19/2023,1.00,84
2016,seamanship_command_substage,Electronics,10/19/2023,1.00,90
2021,seamanship_command_substage,Seamanship,10/19/2023,1.00,85
2071,fundamental_stage,Electronics,10/19/2023,1.00,75
2093,seamanship_command_substage,Seamanship,10/19/2023,1.00,80
2114,fundamental_stage,Electronics,10/19/2023,1.00,87
2121,seamanship_command_substage,Seamanship,10/19/2023,1.00,85
2138,fundamental_stage,Seamanship,10/19/2023,1.00,81
2163,seamanship_command_substage,Machinery,10/19/2023,1.00,88
2181,fundamental_stage,Seamanship,10/19/2023,0.00,0
2193,seamanship_command_substage,Electronics,10/19/2023,1.00,91
2242,fundamental_stage,Electronics,10/19/2023,1.00,75
2247,seamanship_command_substage,Seamanship,10/19/2023,1.00,77
2250,seamanship_command_substage,Seamanship,10/19/2023,1.00,81
2263,seamanship_command_substage,Machinery,10/19/2023,1.00,78
2320,fundamental_stage,Machinery,10/19/2023,1.00,79
2420,fundamental_stage,Seamanship,10/19/2023,1.00,88
2434,seamanship_command_substage,Seamanship,10/19/2023,1.00,90
2454,fundamental_stage,Seamanship,10/19/2023,1.00,91
2516,seamanship_command_substage,Seamanship,10/19/2023,1.00,81
2526,seamanship_command_substage,Machinery,10/19/2023,1.00,87
2538,fundamental_stage,Electronics,10/19/2023,1.00,84
2553,seamanship_command_substage,Seamanship,10/19/2023,1.00,77
2562,seamanship_command_substage,Seamanship,10/19/2023,1.00,75
2591,seamanship_command_substage,Seamanship,10/19/2023,1.00,87
2621,seamanship_command_substage,Machinery,10/19/2023,1.00,84
2675,fundamental_stage,Seamanship,10/19/2023,1.00,80
2917,seamanship_command_substage,Seamanship,10/19/2023,1.00,84
2977,seamanship_command_substage,Seamanship,10/19/2023,1.00,74
3583,seamanship_command_substage,Seamanship,10/19/2023,1.00,82
3828,fundamental_stage,Seamanship,10/19/2023,1.00,87
3953,seamanship_command_substage,Electronics,10/19/2023,1.00,78
3981,fundamental_stage,Seamanship,10/19/2023,1.00,84
3999,fundamental_stage,Electronics,10/19/2023,1.00,84
4112,fundamental_stage,Electronics,10/19/2023,1.00,83
4129,fundamental_stage,Seamanship,10/19/2023,1.00,76
4192,seamanship_command_substage,Seamanship,10/19/2023,1.00,79
4269,seamanship_command_substage,Seamanship,10/19/2023,1.00,84
4278,seamanship_command_substage,Seamanship,10/19/2023,0.00,0
4299,seamanship_command_substage,Seamanship,10/19/2023,1.00,86
4318,seamanship_command_substage,Seamanship,10/19/2023,1.00,79
4319,fundamental_stage,Seamanship,10/19/2023,1.00,93
4332,seamanship_command_substage,Seamanship,10/19/2023,0.00,0
4375,seamanship_command_substage,Seamanship,10/19/2023,1.00,87
4425,seamanship_command_substage,Machinery,10/19/2023,1.00,93
4582,seamanship_command_substage,Seamanship,10/19/2023,1.00,79
4614,fundamental_stage,Seamanship,10/19/2023,1.00,75
4641,seamanship_command_substage,Seamanship,10/19/2023,1.00,84
4666,seamanship_command_substage,Machinery,10/19/2023,1.00,88
4680,seamanship_command_substage,Seamanship,10/19/2023,1.00,74
4748,seamanship_command_substage,Seamanship,10/19/2023,1.00,81
4752,seamanship_command_substage,Seamanship,10/19/2023,1.00,86
4773,seamanship_command_substage,Seamanship,10/19/2023,1.00,82
4785,seamanship_command_substage,Electronics,10/19/2023,1.00,92
4831,seamanship_command_substage,Machinery,10/19/2023,1.00,91
4846,seamanship_command_substage,Seamanship,10/19/2023,1.00,79
4849,fundamental_stage,Machinery,10/19/2023,1.00,90
4861,seamanship_command_substage,Seamanship,10/19/2023,1.00,89
4901,fundamental_stage,Seamanship,10/19/2023,1.00,90
4923,seamanship_command_substage,Seamanship,10/19/2023,0.00,0
4930,seamanship_command_substage,Seamanship,10/19/2023,1.00,82
4938,seamanship_command_substage,Seamanship,10/19/2023,0.00,0
5004,seamanship_command_substage,Seamanship,10/19/2023,1.00,87
5060,seamanship_command_substage,Electronics,10/19/2023,1.00,86
5065,seamanship_command_substage,Seamanship,10/19/2023,0.00,0
5074,seamanship_command_substage,Seamanship,10/19/2023,1.00,81
5098,fundamental_stage,Seamanship,10/19/2023,1.00,86
5104,seamanship_command_substage,Machinery,10/19/2023,1.00,88
5105,seamanship_command_substage,Seamanship,10/19/2023,0.00,0
5124,seamanship_command_substage,Electronics,10/19/2023,1.00,91
5148,seamanship_command_substage,Seamanship,10/19/2023,1.00,82
5168,seamanship_command_substage,Machinery,10/19/2023,1.00,84
5278,fundamental_stage,Seamanship,10/19/2023,1.00,77
5364,seamanship_command_substage,Seamanship,10/19/2023,1.00,79
5565,seamanship_command_substage,Seamanship,10/19/2023,1.00,82
5703,seamanship_command_substage,Electronics,10/19/2023,1.00,89
5808,seamanship_command_substage,Electronics,10/19/2023,0.00,0
6129,fundamental_stage,Machinery,10/19/2023,1.00,80
6175,seamanship_command_substage,Machinery,10/19/2023,1.00,83
1139,fundamental_stage,Seamanship,10/19/2023,0.00,0
1157,fundamental_stage,Machinery,10/19/2023,0.00,0
1370,fundamental_stage,Machinery,10/19/2023,0.00,0
2043,seamanship_command_substage,Electronics,10/19/2023,0.00,0
2189,seamanship_command_substage,Seamanship,10/19/2023,0.00,0
2198,seamanship_command_substage,Seamanship,10/19/2023,0.00,0
2200,seamanship_command_substage,Electronics,10/19/2023,0.00,0
2309,seamanship_command_substage,Seamanship,10/19/2023,0.00,0
2375,seamanship_command_substage,Seamanship,10/19/2023,0.00,0
2502,seamanship_command_substage,Seamanship,10/19/2023,0.00,0
2527,seamanship_command_substage,Electronics,10/19/2023,0.00,0
2536,seamanship_command_substage,Seamanship,10/19/2023,0.00,0
2546,seamanship_command_substage,Seamanship,10/19/2023,0.00,0
2566,fundamental_stage,Machinery,10/19/2023,0.00,0
2576,seamanship_command_substage,Seamanship,10/19/2023,0.00,0
2603,seamanship_command_substage,Electronics,10/19/2023,0.00,0
2670,seamanship_command_substage,Seamanship,10/19/2023,0.00,0
2676,seamanship_command_substage,Seamanship,10/19/2023,0.00,0
2742,seamanship_command_substage,Seamanship,10/19/2023,0.00,0
2830,seamanship_command_substage,Seamanship,10/19/2023,0.00,0
2873,seamanship_command_substage,Seamanship,10/19/2023,0.00,0
2939,seamanship_command_substage,Seamanship,10/19/2023,0.00,0
3434,fundamental_stage,Seamanship,10/19/2023,0.00,0
3586,seamanship_command_substage,Seamanship,10/19/2023,0.00,0
4170,seamanship_command_substage,Machinery,10/19/2023,0.00,0
4271,seamanship_command_substage,Seamanship,10/19/2023,0.00,0
4293,seamanship_command_substage,Seamanship,10/19/2023,0.00,0
4341,seamanship_command_substage,Electronics,10/19/2023,0.00,0
4466,seamanship_command_substage,Seamanship,10/19/2023,0.00,0
4533,fundamental_stage,Seamanship,10/19/2023,0.00,0
4560,fundamental_stage,Electronics,10/19/2023,0.00,0
4568,seamanship_command_substage,Seamanship,10/19/2023,0.00,0
4657,seamanship_command_substage,Seamanship,10/19/2023,0.00,0
4722,seamanship_command_substage,Seamanship,10/19/2023,0.00,0
4740,seamanship_command_substage,Seamanship,10/19/2023,0.00,0
4853,seamanship_command_substage,Seamanship,10/19/2023,0.00,0
4945,seamanship_command_substage,Seamanship,10/19/2023,0.00,0
4952,seamanship_command_substage,Seamanship,10/19/2023,0.00,0
4956,fundamental_stage,Seamanship,10/19/2023,0.00,0
4966,seamanship_command_substage,Seamanship,10/19/2023,0.00,0
4969,seamanship_command_substage,Seamanship,10/19/2023,0.00,0
4989,seamanship_command_substage,Seamanship,10/19/2023,0.00,0
5002,fundamental_stage,Seamanship,10/19/2023,0.00,0
5092,seamanship_command_substage,Seamanship,10/19/2023,0.00,0
5210,seamanship_command_substage,Seamanship,10/19/2023,0.00,0
5213,fundamental_stage,Electronics,10/19/2023,0.00,0
5239,seamanship_command_substage,Seamanship,10/19/2023,0.00,0
5248,seamanship_command_substage,Machinery,10/19/2023,0.00,0
5274,seamanship_command_substage,Seamanship,10/19/2023,0.00,0
5310,seamanship_command_substage,Electronics,10/19/2023,1.00,79
5422,seamanship_command_substage,Seamanship,10/19/2023,0.00,0
5427,seamanship_command_substage,Machinery,10/19/2023,0.00,0
5446,seamanship_command_substage,Seamanship,10/19/2023,0.00,0
5449,seamanship_command_substage,Machinery,10/19/2023,0.00,0
5481,seamanship_command_substage,Electronics,10/19/2023,0.00,0
5618,seamanship_command_substage,Machinery,10/19/2023,0.00,0
5659,seamanship_command_substage,Seamanship,10/19/2023,0.00,0
5716,seamanship_command_substage,Seamanship,10/19/2023,0.00,0
5834,seamanship_command_substage,Seamanship,10/19/2023,0.00,0
6147,seamanship_command_substage,Seamanship,10/19/2023,0.00,0
4744,fundamental_stage,Seamanship,1/17/2024,1.00,86
2181,fundamental_stage,Seamanship,4/17/2024,-1.00,0
196,fundamental_stage,Electronics,4/28/2024,-1.00,0
1380,fundamental_stage,Seamanship,4/28/2024,-1.00,0
1492,fundamental_stage,Seamanship,4/28/2024,-1.00,0
1795,fundamental_stage,Seamanship,4/28/2024,-1.00,0
1823,fundamental_stage,Seamanship,4/28/2024,-1.00,0
1825,fundamental_stage,Seamanship,4/28/2024,-1.00,0
2000,fundamental_stage,Electronics,4/28/2024,-1.00,0
2016,fundamental_stage,Electronics,4/28/2024,-1.00,0
2021,fundamental_stage,Seamanship,4/28/2024,-1.00,0
2093,fundamental_stage,Seamanship,4/28/2024,0.00,0
2121,fundamental_stage,Seamanship,4/28/2024,-1.00,0
2163,fundamental_stage,Machinery,4/28/2024,-1.00,0
2193,fundamental_stage,Electronics,4/28/2024,-1.00,0
2247,fundamental_stage,Seamanship,4/28/2024,-1.00,0
2250,fundamental_stage,Seamanship,4/28/2024,-1.00,0
2263,fundamental_stage,Machinery,4/28/2024,-1.00,0
2434,fundamental_stage,Seamanship,4/28/2024,-1.00,0
2516,fundamental_stage,Seamanship,4/28/2024,-1.00,0
2526,fundamental_stage,Machinery,4/28/2024,-1.00,0
2553,fundamental_stage,Seamanship,4/28/2024,-1.00,0
2562,fundamental_stage,Seamanship,4/28/2024,0.00,0
2591,fundamental_stage,Seamanship,4/28/2024,-1.00,0
2621,fundamental_stage,Machinery,4/28/2024,-1.00,0
2917,fundamental_stage,Seamanship,4/28/2024,-1.00,0
2977,fundamental_stage,Seamanship,4/28/2024,-1.00,0
3583,fundamental_stage,Seamanship,4/28/2024,-1.00,0
3953,fundamental_stage,Electronics,4/28/2024,-1.00,0
4192,fundamental_stage,Seamanship,4/28/2024,-1.00,0
4269,fundamental_stage,Seamanship,4/28/2024,-1.00,0
4299,fundamental_stage,Seamanship,4/28/2024,-1.00,0
4318,fundamental_stage,Seamanship,4/28/2024,-1.00,0
4375,fundamental_stage,Seamanship,4/28/2024,-1.00,0
4425,fundamental_stage,Machinery,4/28/2024,-1.00,0
4582,fundamental_stage,Seamanship,4/28/2024,-1.00,0
4641,fundamental_stage,Seamanship,4/28/2024,-1.00,0
4666,fundamental_stage,Machinery,4/28/2024,-1.00,0
4680,fundamental_stage,Seamanship,4/28/2024,-1.00,0
4748,fundamental_stage,Seamanship,4/28/2024,-1.00,0
4752,fundamental_stage,Seamanship,4/28/2024,-1.00,0
4773,fundamental_stage,Seamanship,4/28/2024,-1.00,0
4785,fundamental_stage,Electronics,4/28/2024,-1.00,0
4831,fundamental_stage,Machinery,4/28/2024,-1.00,0
4846,fundamental_stage,Seamanship,4/28/2024,-1.00,0
4861,fundamental_stage,Seamanship,4/28/2024,-1.00,0
4930,fundamental_stage,Seamanship,4/28/2024,-1.00,0
5004,fundamental_stage,Seamanship,4/28/2024,-1.00,0
5060,fundamental_stage,Electronics,4/28/2024,-1.00,0
5074,fundamental_stage,Seamanship,4/28/2024,-1.00,0
5104,fundamental_stage,Machinery,4/28/2024,-1.00,0
5124,fundamental_stage,Electronics,4/28/2024,-1.00,0
5148,fundamental_stage,Seamanship,4/28/2024,-1.00,0
5168,fundamental_stage,Machinery,4/28/2024,-1.00,0
5364,fundamental_stage,Seamanship,4/28/2024,-1.00,0
5565,fundamental_stage,Seamanship,4/28/2024,-1.00,0
5703,fundamental_stage,Electronics,4/28/2024,-1.00,0
6175,fundamental_stage,Machinery,4/28/2024,-1.00,0
5310,fundamental_stage,Electronics,4/28/2024,0.00,0
124,seamanship_command_substage,Machinery,5/2/2024,1.00,0
200,seamanship_command_substage,Seamanship,5/2/2024,0.00,0
201,seamanship_command_substage,Seamanship,5/2/2024,0.00,0
214,seamanship_command_substage,Seamanship,5/2/2024,1.00,0
264,seamanship_command_substage,Seamanship,5/2/2024,1.00,0
508,seamanship_command_substage,Seamanship,5/2/2024,1.00,0
993,seamanship_command_substage,Electronics,5/2/2024,1.00,0
1379,seamanship_command_substage,Seamanship,5/2/2024,1.00,0
1779,seamanship_command_substage,Machinery,5/2/2024,0.00,0
1815,seamanship_command_substage,Electronics,5/2/2024,1.00,0
1937,seamanship_command_substage,Machinery,5/2/2024,1.00,0
2039,seamanship_command_substage,Seamanship,5/2/2024,1.00,0
2074,seamanship_command_substage,Seamanship,5/2/2024,1.00,0
2089,seamanship_command_substage,Seamanship,5/2/2024,1.00,0
2186,seamanship_command_substage,Seamanship,5/2/2024,1.00,0
2209,seamanship_command_substage,Seamanship,5/2/2024,1.00,0
2307,seamanship_command_substage,Seamanship,5/2/2024,1.00,0
2428,seamanship_command_substage,Seamanship,5/2/2024,0.00,0
2430,seamanship_command_substage,Seamanship,5/2/2024,1.00,0
2453,seamanship_command_substage,Machinery,5/2/2024,1.00,0
2523,seamanship_command_substage,Seamanship,5/2/2024,1.00,0
2594,seamanship_command_substage,Seamanship,5/2/2024,1.00,0
2612,seamanship_command_substage,Seamanship,5/2/2024,0.00,0
2617,seamanship_command_substage,Electronics,5/2/2024,1.00,0
2639,seamanship_command_substage,Seamanship,5/2/2024,1.00,0
2698,seamanship_command_substage,Seamanship,5/2/2024,0.00,0
2714,seamanship_command_substage,Seamanship,5/2/2024,1.00,0
2780,seamanship_command_substage,Electronics,5/2/2024,1.00,0
2789,seamanship_command_substage,Electronics,5/2/2024,0.00,0
2799,seamanship_command_substage,Seamanship,5/2/2024,0.00,0
2802,seamanship_command_substage,Seamanship,5/2/2024,1.00,0
2870,seamanship_command_substage,Seamanship,5/2/2024,0.00,0
2878,seamanship_command_substage,Seamanship,5/2/2024,0.00,0
2904,seamanship_command_substage,Seamanship,5/2/2024,1.00,0
2936,seamanship_command_substage,Seamanship,5/2/2024,1.00,0
2967,seamanship_command_substage,Seamanship,5/2/2024,0.00,0
2990,seamanship_command_substage,Seamanship,5/2/2024,1.00,0
3032,seamanship_command_substage,Electronics,5/2/2024,1.00,0
3070,seamanship_command_substage,Seamanship,5/2/2024,1.00,0
3073,seamanship_command_substage,Machinery,5/2/2024,1.00,0
3138,seamanship_command_substage,Machinery,5/2/2024,0.00,0
3139,seamanship_command_substage,Seamanship,5/2/2024,0.00,0
3626,seamanship_command_substage,Seamanship,5/2/2024,0.00,0
4190,seamanship_command_substage,Seamanship,5/2/2024,1.00,0
4296,seamanship_command_substage,Seamanship,5/2/2024,1.00,0
4465,seamanship_command_substage,Seamanship,5/2/2024,1.00,0
4482,seamanship_command_substage,Seamanship,5/2/2024,0.00,0
4632,seamanship_command_substage,Machinery,5/2/2024,1.00,0
4644,seamanship_command_substage,Electronics,5/2/2024,1.00,0
4704,seamanship_command_substage,Seamanship,5/2/2024,1.00,0
4727,seamanship_command_substage,Seamanship,5/2/2024,0.00,0
4728,seamanship_command_substage,Electronics,5/2/2024,0.00,0
4745,seamanship_command_substage,Seamanship,5/2/2024,1.00,0
4896,seamanship_command_substage,Seamanship,5/2/2024,1.00,0
4950,seamanship_command_substage,Machinery,5/2/2024,1.00,0
5001,seamanship_command_substage,Seamanship,5/2/2024,1.00,0
5134,seamanship_command_substage,Seamanship,5/2/2024,1.00,0
5137,seamanship_command_substage,Seamanship,5/2/2024,1.00,0
5143,seamanship_command_substage,Seamanship,5/2/2024,0.00,0
5182,seamanship_command_substage,Seamanship,5/2/2024,1.00,0
5203,seamanship_command_substage,Electronics,5/2/2024,1.00,0
5275,seamanship_command_substage,Seamanship,5/2/2024,1.00,0
5292,seamanship_command_substage,Machinery,5/2/2024,1.00,0
5313,seamanship_command_substage,Machinery,5/2/2024,1.00,0
5314,seamanship_command_substage,Seamanship,5/2/2024,1.00,0
5324,seamanship_command_substage,Seamanship,5/2/2024,1.00,0
5353,seamanship_command_substage,Seamanship,5/2/2024,0.00,0
5438,seamanship_command_substage,Seamanship,5/2/2024,1.00,0
5444,seamanship_command_substage,Seamanship,5/2/2024,1.00,0
5484,seamanship_command_substage,Seamanship,5/2/2024,0.00,0
5493,seamanship_command_substage,Seamanship,5/2/2024,1.00,0
5506,seamanship_command_substage,Seamanship,5/2/2024,1.00,0
5508,seamanship_command_substage,Seamanship,5/2/2024,0.00,0
5522,seamanship_command_substage,Seamanship,5/2/2024,0.00,0
5524,seamanship_command_substage,Electronics,5/2/2024,1.00,0
5538,seamanship_command_substage,Electronics,5/2/2024,0.00,0
5549,seamanship_command_substage,Seamanship,5/2/2024,1.00,0
5554,seamanship_command_substage,Machinery,5/2/2024,1.00,0
5585,seamanship_command_substage,Seamanship,5/2/2024,1.00,0
5781,seamanship_command_substage,Seamanship,5/2/2024,0.00,0
5790,seamanship_command_substage,Seamanship,5/2/2024,1.00,0
5797,seamanship_command_substage,Seamanship,5/2/2024,1.00,0
5805,seamanship_command_substage,Seamanship,5/2/2024,1.00,0
5806,seamanship_command_substage,Seamanship,5/2/2024,0.00,0
5809,seamanship_command_substage,Seamanship,5/2/2024,0.00,0
5816,seamanship_command_substage,Seamanship,5/2/2024,1.00,0
5860,seamanship_command_substage,Seamanship,5/2/2024,1.00,0
5899,seamanship_command_substage,Electronics,5/2/2024,1.00,0
5904,seamanship_command_substage,Seamanship,5/2/2024,1.00,0
5943,seamanship_command_substage,Electronics,5/2/2024,1.00,0
5966,seamanship_command_substage,Seamanship,5/2/2024,1.00,0
6039,seamanship_command_substage,Seamanship,5/2/2024,0.00,0
6059,seamanship_command_substage,Machinery,5/2/2024,1.00,0
6127,seamanship_command_substage,Machinery,5/2/2024,1.00,0
6188,seamanship_command_substage,Electronics,5/2/2024,0.00,0
223,seamanship_command_substage,Seamanship,5/2/2024,0.00,0
2598,seamanship_command_substage,Seamanship,5/2/2024,0.00,0
2757,seamanship_command_substage,Electronics,5/2/2024,0.00,0
3030,seamanship_command_substage,Seamanship,5/2/2024,0.00,0
3461,seamanship_command_substage,Seamanship,5/2/2024,0.00,0
4613,seamanship_command_substage,Machinery,5/2/2024,1.00,0
4619,seamanship_command_substage,Machinery,5/2/2024,0.00,0
4768,seamanship_command_substage,Seamanship,5/2/2024,0.00,0
5285,seamanship_command_substage,Electronics,5/2/2024,0.00,0
5395,seamanship_command_substage,Seamanship,5/2/2024,0.00,0
5841,seamanship_command_substage,Seamanship,5/2/2024,0.00,0
5949,seamanship_command_substage,Electronics,5/2/2024,0.00,0
6019,seamanship_command_substage,Seamanship,5/2/2024,0.00,0